Uniform,Normal,Exponential,Cauchy
6.567230284325616,8.632984803839701,2.0726689300272834,5.024950247380192
3.051768015705136,6.099614179988291,2.8118826830662735,8.482707573092954
6.702464721666756,2.108870060773114,1.656691436759476,4.383011115521777
4.860033700467927,4.920044195298566,3.197787782880429,1.0
3.174257617390126,6.160536873743178,2.2368719541603572,4.871825493511599
8.707198324372424,3.9646326600655017,1.3794788319285185,5.459402096749695
7.574970641582245,7.3188407004799885,1.275756438687305,4.560107160742811
5.221928798312078,7.050824509659111,1.3954628612629125,6.306112603979795
5.081187510630994,2.851342672262793,1.4582708751953486,10.0
2.378118646918233,4.028344188584625,1.0984439182567258,8.243008709658278
8.87862160416952,4.519605072705205,2.0649715309188457,3.368157272631628
4.989256534554961,6.641255428670226,1.2649687434710515,5.841542170099455
2.485412785766858,6.318028467282211,1.8668396874197803,4.883990752895481
9.260323854632293,3.7006981018386114,1.5131448814203114,5.933727185964065
9.75343540083768,7.025772177004715,1.3789365379720193,6.292543310518834
1.0957290374997781,3.9160634835203743,1.1665639491703201,5.110326808429854
6.155771988717889,6.820129505962738,1.390527983689767,6.434332109273521
1.4409531177639372,4.421802675258981,2.2548285194313094,6.895812632985839
3.28192138037961,4.034545847599427,1.5156719360053392,4.301504283928984
2.7229317464675287,8.261555928494845,1.6058454004817349,5.147491250269069
9.543429142179276,4.084264617004078,5.523381127063571,5.574122527221032
2.9044282340572174,4.332528260268413,2.2178373638848496,4.557717449578082
1.802815981471194,4.1113565239436065,2.2044608928607916,2.5117704613797804
9.998021696779393,1.2768710960128669,1.127617124140287,5.14039828417201
8.356330737334535,7.483499625090638,2.548919995186794,4.997395526279009
2.008592002066925,5.439427975018007,1.0461636754655192,5.8655622033008745
7.176731977006494,6.378954267431774,1.7545814020856718,4.209008530680054
5.563958194150368,2.6703208805742045,2.398248982243913,5.863311788411321
1.7176005664267304,2.6981288155894667,1.361846391428572,8.181505834648924
9.509671046923472,6.637357344375308,1.8025963537767016,5.196175234683647
3.938580403974228,5.829802085341641,1.155994107422382,7.258173394406361
3.030561035339947,5.558571663493044,1.2091942392996748,6.695223114939335
6.339243926434326,6.152776703425826,2.686218542825608,6.2713596955447395
1.7594976908789683,4.721654980347242,2.789960277361394,10.0
1.2551604307980961,3.425121722079817,2.114498948295286,4.459724389895291
6.216845245763737,4.342525364931264,1.148089090572099,6.5074673122465105
1.3864691955917587,8.133027301177387,1.102418527199796,5.500823331838302
6.427305700591119,3.7382299186751355,2.965253755199189,1.4547651344067978
6.187367996825603,4.95526145529837,1.201007955618247,8.569157374614743
2.0202292567612514,7.23485410392085,1.1502373142091853,9.088360647774515
8.458104780395729,4.744425032183523,3.17756124535781,5.959531762395521
1.8151874315658534,3.9793616426244247,5.218250777951384,5.283193038003574
3.0007182753048878,4.432023259772116,1.4788607343898323,3.3326179676305707
5.957373319020711,7.043378358437895,1.1574822330901389,6.52267524233186
1.922776278586368,8.497869391878787,1.1622498757390862,5.722172465478975
5.599662500294315,5.529304987004602,1.1027727073604194,5.421452479700962
2.630281051275091,2.6265895669589527,2.9752177495834946,4.760994811448676
4.764590197254589,3.4064922103707453,1.2999950434817638,5.4672096844532945
3.450104520710043,8.058605999077319,1.9633119125677234,2.2378404124592204
5.9858838908076795,6.64952629727624,1.1008646130856214,5.284755737004962
6.6827056326661864,6.43742265311431,1.850420022413232,5.524643900714214
2.7660669812532266,6.292184779589215,1.914160409702246,9.38405386312462
9.99956230193608,9.416314107943316,2.3170653001486756,6.385634585434204
3.651254586348993,10.0,1.1161260130440551,7.605926828040097
7.65402079833231,3.2900441529840867,1.1137078399988942,5.644152059634113
5.689114926346721,5.296533311742499,1.5121554895067615,3.3063066551495943
1.1487386252762404,5.019201619998027,2.3800323271739696,6.0935515363787545
6.66715151646518,6.361750543305085,2.4503898528109893,3.2731601685393197
9.768877790891079,2.275268593949555,3.602118785384849,4.332710313108675
9.643860991758643,5.8628599717861505,5.7168475657209035,4.055061581045779
9.611193104722192,4.703006332505043,1.0354329959024002,6.965876105873704
8.521853266086659,5.373685552932003,3.6898966499960175,3.438748884512256
1.6932230939986224,5.147415758545419,2.2092383903510124,5.90079636887843
8.226378896553756,6.60407029644297,2.5489913216529105,4.19442994193462
6.524773330931468,9.195455092720698,3.2007782297774163,3.8556205449237986
2.0157337270574103,3.4321523865887347,1.6578383631951807,9.982131605878639
8.15004227795268,7.096805649557223,2.4216047383846435,5.9708343613233845
7.297826964180987,4.994487004461847,2.241061301549011,10.0
7.888907025514416,8.53336214027983,1.2941547407966778,10.0
2.8066542258917866,7.30257467478369,4.593464098861508,5.443420453283484
7.058404524100177,6.126233172730274,1.055773382735192,7.644546076390423
1.988441074459582,2.5015816218085205,1.7364347716431676,5.655237230402883
3.239898379485899,7.127105757349273,1.5728527874453815,10.0
9.90621113600649,7.844044225832162,1.7105430481618713,4.429101288496416
5.33461381896163,9.202120182482602,1.7102075209945529,5.420070299591998
2.649905254023304,3.8566008825973457,2.4543619881992136,4.163809706041541
3.7825968551237135,2.5428417247224857,1.1223001405268438,5.875006960460639
6.062008471862614,4.224017009000441,2.2268121763055366,5.5753788072166355
1.1225489103039181,6.356028270971941,1.1559521195318414,6.308547490743047
8.938436776295752,6.075696094466165,2.8539342658872693,5.707882419664679
9.26242819086352,5.197256953143522,2.903876156759245,10.0
7.878172126992714,4.291883679030818,2.070188339182021,6.557402095550703
8.221651859250414,4.642136258392141,2.2659810445188007,5.311771641133083
3.9433991046707675,5.35794089762267,1.135893975178262,2.667678576952019
1.9096686806480025,2.1628558308080823,1.2793990600330558,5.823835881740818
9.686154094482427,6.357849872168791,1.5535333520924763,8.209511353621627
4.757937673911929,3.317261412356902,1.4702003546642919,5.557758549454986
4.000396626412558,8.888765831022035,1.1607330557831055,6.352554565540792
5.331742439384844,2.5512991037291997,1.4195162574117712,9.436480123685984
3.5242626508462136,9.777661377198587,1.3709051121389624,9.140171353287347
3.663335303452569,4.783812104794203,2.182036938602999,8.372802222845035
9.999484931309757,2.1834224146141255,1.0697302728314337,5.975604841200921
6.774161656313366,4.486489767445306,1.2865316760749654,2.483453889650269
3.728953285842986,8.992696752173138,5.050275731551736,4.757136035911826
2.978554247438953,6.281917490171637,3.4099119679459764,5.643737945775094
2.5824121770884574,6.1494956879491545,4.197708169862052,6.897792699332716
4.684045728827991,9.209162453210356,1.3725906169284865,6.214070152308781
2.9088303523858396,6.235379178228862,2.2166078268947853,10.0
7.1156236835377396,10.0,2.5717798663538383,4.921964378466887
5.382504070954939,4.276880048617755,1.5419316851060718,4.449932899011362
8.06609338252867,7.331349598323666,1.9281238606141544,5.637044485934926
4.237544436283967,6.932238118907327,1.850008780100338,10.0
6.035515622704697,6.962955071546629,1.203968267075002,8.09576893649471
2.1257431241148317,4.173622678180719,1.0996059044256568,10.0
5.988692056444888,3.107275436483072,1.4282141697276798,6.345519971291262
9.960548389124243,6.616550027316628,1.3569522546103132,4.973360273192706
4.491194057869281,4.1945793415046495,1.9769331195703677,5.471341182578837
5.25476624931726,5.41946897522875,2.7754539694875904,10.0
6.276879872212341,5.403591237785395,1.9396389072502902,5.552508349188928
9.822998873112157,6.398639657804846,2.1715580872121603,10.0
2.441196044410673,5.901554026033942,1.9775341626395182,8.97927145832689
9.157514762456417,5.383336614557584,1.4180733629960431,5.661375086160947
5.441840021003205,5.637135783666598,1.9661992611871262,8.038429223946771
2.3395160342916017,5.392388963138843,1.3225006121079181,4.145029806501589
3.3578248660371313,9.038726458494056,1.1545632535455128,6.800749703818346
1.530730011260541,1.3361085203410985,1.3158870040899957,2.891560411733565
6.395145040708128,8.366480276764397,1.3637065264076056,1.0
2.9245282310067213,4.419543391546452,2.105322830477884,5.820984552844749
5.48279092886105,9.488771209352217,1.2778168744421212,5.303033476207743
9.312634103613034,7.025032755464478,1.7724753780887599,1.0
3.2024289447402317,7.821102567639349,1.2051120353028604,3.126977358601892
2.866183337037023,5.550851311722307,1.0086250417462088,3.060286595577792
8.365736426936557,5.2063158667236005,1.5864005017292802,7.266489874730494
4.552203337782029,6.630182622150906,2.7016184079154613,10.0
7.494029005811339,5.638523052648217,3.0729570221364613,1.0
3.7993437909097727,6.513960545900684,1.3466871515176098,7.4100291441932935
1.7544558946675877,9.19985326966204,1.0019770226318054,4.97816748720061
5.805310727363841,5.234425340828927,1.3182874025378353,8.379180852508563
2.3544788805268553,9.06896827123528,1.0922946378061575,7.243578349259244
8.352551500810694,6.51365810140444,1.3721104949913556,6.789099433920123
2.5549197549887035,8.970418878040736,2.535305794951194,6.321912375316343
2.4551170092277776,1.543313381054384,1.5858158495918466,6.06453348751431
8.240273734259642,3.2796353337285695,2.469089079425016,7.282979540742517
6.389748160251633,5.655217543993791,3.786045673270356,6.840253416954003
9.535303098387988,5.841856660748852,2.6405761041010383,1.0
9.136991882746274,6.144272017378228,2.3742554229332544,5.907161978235395
7.564029098098972,3.556563969562473,1.3044471631925845,6.964313167521431
8.919273118804128,1.043056116162159,1.143224271982978,7.699001046240829
4.03824799556698,4.643874317263486,1.0658570214504952,3.2816372549666095
3.752725212497167,6.062042860199986,1.5097586633379987,10.0
5.157773602819937,10.0,1.2178173100813614,5.429407839426772
6.054228713983418,7.61141133013028,2.1109262095633925,8.38028060378612
3.9147330299532577,5.811937661363348,3.639000146954143,6.9191069716359745
1.2782541610851588,3.1199286961072437,1.2966767247559348,4.193214351646551
9.821197456222153,5.751453615346763,1.9002488548326681,3.685650573100301
6.875320877692139,6.902191126580113,2.688292499873536,6.8784306444295895
7.0110610453044515,3.610425965464889,2.3861358765045737,4.359511988086403
9.102945236791285,1.8445306855829964,2.7150527032822422,6.390002353957252
1.5943646446070248,4.113655157143599,1.198760858898111,3.68383890675554
9.652677177558203,6.052525054581867,1.9685486841852855,2.4034437380186873
2.134019823963704,2.155819392429333,1.8894590558793567,10.0
2.3389800030408545,5.519591170985051,2.995317036354491,1.0
2.383983293878722,3.5866918084371884,1.552873596923435,5.541589932216291
6.7996123816683305,5.819458360672993,1.5121407965867197,4.854962459652841
3.72823819856959,5.189957593967051,2.0778762625256553,10.0
9.081725857868108,2.519906931824455,3.333108425934063,6.15244987367868
1.185202616135982,3.2097410946742255,2.1319991198903505,6.222717859091662
2.803071292639833,4.743219026708811,1.1293563772655766,5.368333742512866
3.152134422764536,9.01187739087583,1.9129701559951728,5.173899065928408
1.277396027742222,4.513942878600242,1.7807987305925246,4.075632031923867
2.276940608064052,8.150587317749403,1.3975949487026533,1.0
8.876907554981319,3.2644960395917413,2.2877268729333866,7.42867774507637
5.242664960405019,6.852184825113408,2.9595542188413972,6.5003343972547984
4.648383854153511,3.0271057081086443,1.108675144010657,10.0
8.37869469606477,6.728917174715996,1.1163658171640944,7.963989228223124
2.4838121253825896,4.851575525769229,1.0123944402228016,6.632139728593243
3.0162998435560118,8.7958877099339,1.6016468003682465,5.4505075087792685
9.84099907159948,4.820708764500962,2.8546762854340457,3.6620624368161945
7.362486151543597,3.519657942604483,1.8413609586355455,1.0
7.086124341570321,3.317479839677494,1.0704223286511907,8.684502504855867
9.345039403272155,2.0236398751941813,1.156162041831752,4.557692594717933
5.856528322592318,5.985475127755647,1.9068010980426062,4.8928103293703495
4.945421049107258,5.319454580374757,1.0180579401555818,5.943888668448156
8.610732894875113,4.022990194638579,1.4843577559468462,9.939363341443574
5.640652312030305,7.621659736083604,2.665493426461033,5.604104168871566
6.0405430468493035,6.238605606878068,1.8259961151166242,4.506976592154156
8.405316262477577,6.297131681798471,1.7265075832551453,4.873010151907753
8.521221510252122,4.8158100848507015,1.1066641145770988,5.644924420954203
6.1625384224897,1.0,1.3182638054772533,5.835937510568232
6.315912145280924,3.3051298781470653,1.0449689438682734,1.0
5.500447805812873,5.793375730628654,1.0274561313342168,1.0
7.1788702703004486,6.331303586920964,1.4263963881247237,4.89330233213246
1.6322385131832335,3.7466449613645345,2.1903048282104627,1.4994751514381726
4.883645411872649,9.561479131127324,1.1299474684284558,5.321688770236931
6.7966348413969895,8.88364192256485,1.1257288069243259,7.198436966752444
4.646629556379713,8.057726267321314,1.0193787820813787,3.995039414161537
6.995688724342864,3.4577166247220577,1.5578964848672838,6.548865373066087
4.668456416985254,7.431423446260458,2.974581411498159,10.0
8.129218751056097,6.305693683702016,2.4327449465418476,7.2286983468833235
1.8605136325378613,4.701988143850303,4.747455110032539,1.1170700697563252
9.136307569254713,6.975616228629925,1.3570949715128287,7.073561144205627
8.789328820252896,4.381152921433806,2.7141629318477274,4.6246004121518975
6.721207646325235,6.8302965353317475,1.2035893439557894,4.280178638743749
1.7436959502104563,5.264920439107494,2.8523372738485224,4.874211041621277
4.6246264860154005,1.0,1.3794106605070904,2.341375206042327
9.724406692582324,3.871082690496933,1.1313924652509098,5.8556845573338885
8.89996140909961,2.4336428570416473,1.1313112100030303,6.40256175767315
4.787090139618778,8.876775197600947,1.0714291869043,5.956865060778475
4.613226362119899,7.4696498264558775,1.0932861234093363,10.0
9.577935651695418,4.9978093061483655,1.8655981447457515,8.174528097531631
1.696787239637545,4.842633721683137,1.524955247202266,6.348567234879727
5.209496078245135,3.835624477603722,1.553978260494072,1.1277771194191564
3.7422309936888696,3.6152389652889143,1.1546305966960455,5.39488469513031
7.7837845324521275,2.688187646573229,1.1313198959573028,4.563293792608718
6.271254943121265,5.842325959498773,1.532128869573679,6.035452053182679
1.7800286796304854,5.71504060845852,1.63013351641807,8.664881646702947
3.866549766802706,2.5190621979997863,3.2444180225918924,5.343447973185724
4.903952988357506,4.728564966650179,1.7707844227387253,7.116854605386321
3.421970836483594,4.079600850167257,1.4376791341341273,5.634011259456938
4.235143586067821,3.2538839322799005,1.0302195339722782,1.0
8.184489669378065,4.600522214197501,1.4321478923152005,4.832032844227314
5.079413961646541,5.76774408534386,2.8753931920451006,6.562849726023101
6.549434530126579,6.686832774232603,3.0738300681528328,7.7250616897735025
4.973362901096357,7.923206186446963,2.443822140782121,10.0
2.2998561495187175,4.695397319333228,1.2445108703877625,5.92251822829935
1.008267022188231,4.579328539429956,3.1986534861013287,3.8260886063366355
7.325686870459621,6.207498952026618,1.2123545752130171,1.0
5.043811039493928,3.841031044850321,1.8338834733375866,3.3325145086122925
6.268080701120163,8.180452284286208,2.190643150247126,5.420168682521801
1.9484653512579384,6.30437076669865,3.741913955572373,5.218952318416539
1.7730578784390936,5.567696895685683,1.5672753051687756,6.425483345517215
3.435842540561056,1.413845690976129,3.032324862526067,9.140343559646496
3.325963131709597,4.455073092353169,1.4250909900594564,5.94999178180014
8.60660109053115,2.610506735155546,1.5096897713587758,5.404763588139173
4.086923422974332,1.801356576338041,1.403771229965812,7.0864839801246955
5.086710433953208,7.40602214377808,2.2056005739600604,1.884548419605827
7.83065271480363,5.966832629464589,1.5528281404074626,4.629559590116336
7.889752431329665,3.576789178098516,1.399830130161766,6.934285745636281
6.515220275402267,6.855575050327269,1.367290835593727,10.0
6.556509969705134,3.3133945342079576,2.8303369619719434,8.170353950508622
5.698725692311548,6.2375126937433745,1.3086359484152148,5.266860307944112
2.845901683138652,6.321573440766926,1.499169780382144,7.44050137945749
9.749129181750815,1.0,2.0625599236596686,5.901571398021941
4.478906209170178,5.201207549633513,1.5556501573175014,2.7256763174747456
9.401161925534492,7.354662295643262,1.329711266067066,4.825579692231027
7.450495312299256,5.022998116566923,1.0501462171898042,6.254553912778315
6.588704660488541,3.564684249226513,2.2770460231031686,1.0
2.6642122704434414,5.023877755542129,1.3894448304553406,5.034888876807258
8.910768126354405,5.139380360115866,1.0826128817188807,5.03440630040329
7.594345513438574,4.485879988561839,1.8495133051085195,6.098003158714796
6.730938724800919,6.662743335048736,1.2873422098475642,9.895735813538376
1.9402247716396648,4.182657227560122,1.2889044686885731,7.524695322522376
7.705651047351775,3.815102742579531,1.053794690209322,3.7501850373445293
5.529747186692531,6.243842570715285,2.0112236521729407,5.886436601853934
2.474383073869939,3.877687385769722,1.3945873071458936,7.086626049178515
7.527350402088626,2.5270403980370983,1.221698514236754,6.488868438410324
1.8894570137035944,5.524594437625939,1.3365832202622214,4.170904137795022
9.755435196731401,8.290739802179242,1.0935277665528775,1.0
3.916255585437298,4.959069366357881,1.19190532281051,4.158523540501609
2.1829284787191154,1.0972198614289104,1.2816485391365324,6.902761840712818
5.860071763686609,3.6897913981191808,2.342120598221465,5.643559237453825
5.680627192955773,4.711871970599038,1.3859393288853958,1.0
8.17779746254464,7.476272508903473,1.00041468219962,5.520661792510663
7.2003514783936176,4.468972731130028,1.8735490075862091,8.062649957426864
9.944764583641996,1.058501862584011,1.9690585001031273,5.739519770242588
2.4406747088841545,5.110243556678385,2.247540337241935,4.743980811687322
9.884587963536413,5.072963995209815,1.0096646450995603,4.442801561318285
2.5881583257294793,6.512627266887051,1.2018196757169952,7.022240302387619
8.61242562984825,8.451229246972224,1.4646688790028355,1.0
4.906883112808764,6.186791706082586,2.2621855371019723,4.634576753405734
8.416938886138013,4.159664480753566,3.7736284919016043,5.803163344573215
5.016472333266188,7.852302801536424,1.3009051201704438,5.131042746585468
8.651540112758974,5.686359013409733,2.726062491318645,10.0
6.325712390020005,4.836720249831789,1.5936967956991814,5.358911650560958
6.972389300136214,5.654326600506673,1.4216027853901592,4.793012569691979
9.729170326230376,6.11161583305479,1.047956519860825,5.989005015861256
5.95786376706468,4.4365878396626695,1.1654200256412643,5.44564118693716
9.701469803233127,4.55383981085458,1.7559587258878362,6.022917482389313
6.7348897910659575,4.3819863631102915,5.857557778676271,6.306824798157882
8.620832714026864,5.489139949748468,1.3651660996470196,7.379952872813483
3.018777050158436,2.6321513110588217,1.7211787637596476,5.0453412189321805
3.053490985848846,4.483893059871013,3.117316903974052,5.396086764802591
2.3146795081741276,4.466211107045757,1.1942834692530537,5.628635815069914
9.416155657852208,2.917568200898731,1.6054578409235094,5.3779215935709095
8.050364769274783,4.045532603603789,1.8468782938956223,8.590995124387263
9.896621047938687,1.7222668527561655,2.1601709654818624,5.971168163725475
4.452318157081972,7.218461545626996,3.117223365755865,10.0
7.850883835208009,6.1787038199898845,1.2154857856414711,7.152440285388287
6.739463575718216,8.95539676986544,2.798934983286777,5.16416468848325
8.025450569645,6.1397067729666475,1.4124350393456504,5.219473428100023
7.548600971053359,4.173353083547669,2.159259889882072,5.645354744395083
8.682164798398668,2.026866666560599,2.080095498131328,5.034287186920658
6.362012638098883,6.145857116625532,1.6534345378959658,4.648603154070426
9.416001512104284,5.802723315030441,2.837737294623574,4.139259158318623
1.810854567513187,8.114374003847308,2.5955808469678905,5.880957392034515
6.739985734492226,4.1415609712937,4.520561258043723,10.0
1.8438178589032597,5.695490738918399,1.2201660943783126,6.2104099916761255
5.365523899289821,4.654244106138168,1.1649578597374826,5.6390459677193725
3.94462657038149,7.811384750987347,1.4906576401384544,7.12760347174249
3.039732745925991,6.358054686315284,1.0157097003814572,5.806390360114825
1.6520858430198573,9.26278886215324,1.1281872952395204,5.49495632034929
8.818101495790923,4.862689793062478,3.071081226663255,6.622718016544198
4.772273070896508,6.420738802001638,1.722890748429407,5.339766606947754
9.82409088761283,5.077098164088518,2.2909794404637696,10.0
2.4466372076650975,7.5154836697407585,1.1948334461420547,10.0
9.980370285172404,1.0,1.7513761772167444,5.493559349009284
5.176341350113903,7.2952311083874495,2.69204239409622,5.109356578823238
2.8185552497025617,2.82786827954615,1.4716515234130125,6.015817521597707
4.697972695133006,4.749642628329976,1.0768823486305785,5.476241194073222
2.8019053719819214,3.6487615952705665,2.252178127611165,1.0
9.487059530463005,8.62375631283615,2.6256523260524496,5.179896926552566
6.156138696952089,4.362482771487559,1.3226424649516382,6.073900959155745
5.120157385095409,9.553225794325813,2.3676230951174935,6.401260336625992
7.7215539131508315,4.645369358409418,2.9433518090530275,8.415690125601285
5.271460697099493,9.942994038038291,1.9492308004618406,4.877139592526142
2.71343520706444,7.846264242835179,1.6924365806135007,1.0
6.237429922679752,5.342386385346416,1.533947746019797,5.982174541880768
3.0725010460252506,8.479137163918006,1.0463804564901378,1.0
5.035440426321077,6.3577199874903485,3.693559350754716,6.173210896920045
6.3789059840924445,6.738266038184816,2.626696612126138,4.3119973642120835
8.410305319588728,4.250294046417096,2.850182987998176,4.384219272699722
3.3522505692909377,5.441561847003125,1.1509719808359873,5.100115997965219
1.011553428563158,1.065902741110473,1.4924752198142985,5.818701891243935
9.017463047735786,1.0,1.302150518549339,10.0
8.987303694687164,6.795146688139067,1.4365871703932953,5.620978629733722
3.632440027211288,4.508200698823259,2.203199023509975,6.6334919550836275
6.270737830065178,3.6751613668768273,5.180422459997458,5.546457305367817
2.2432403768528593,4.947512526700358,1.4911359767504435,5.790772352034279
4.064970997748892,8.128574764060685,2.497681534530411,4.802224500206964
2.154794146741268,4.156545702511654,2.0149621637738866,10.0
8.604170390052698,6.60478298411883,1.117192640771633,5.353525300811616
1.1710825262480604,5.043694206382551,2.588900554852043,3.9841295511090005
5.351505045930141,3.2377840829473143,2.666172178886311,1.9365781034877911
1.2675623842807142,7.793400121912066,1.5942917015763658,1.0
1.7700646832036597,7.397613530697706,2.1042871446780103,5.388434171037342
8.820145006975544,7.849636997838685,3.3655562027664323,6.480954353365107
1.4010322672171123,7.577217210628558,1.953076308681805,8.175757383233975
7.24327499019124,6.505817384622272,1.9262584050679086,7.123159747964399
4.688265686593294,6.7325344738288075,2.8887095891385153,4.627572503141035
9.035167047083867,4.014407436740759,1.0528616256281518,5.020415786448577
9.01227140478155,3.4232133783665066,1.1890691356654253,6.680487415857023
5.103154022718664,5.223614254574443,4.461238583361654,10.0
4.535469809491526,1.0,2.3781438715306744,5.938762238575545
8.721191369135305,4.053005971116859,1.023128509941313,10.0
4.550989414534467,5.528301163670117,1.6856858416208522,1.0
5.587577605230187,4.9374247613954125,1.0685099548479864,10.0
1.01390154775279,1.4246947678660717,1.2245486840951756,5.906804883375651
7.55076453098377,5.241772593684123,5.524410781107486,4.5692173299157615
3.398431099970391,4.377098667565797,2.2022515448976785,6.117639345802129
5.607097929435711,7.6249737533304085,1.9831514266495132,2.8262920389747634
8.712252311171866,5.7618661319733135,1.4502763279200441,5.0196871105871885
2.0277771282157793,6.331856931716336,4.222391223525223,5.577382720012834
4.231207905278489,5.766573171826328,1.045069796863965,1.0
9.419353825758359,5.9844918015011235,1.6342197196102808,6.043170840596986
2.3531208028557646,6.253416367826182,1.1932887942262909,3.404053153050875
5.539815974553196,10.0,2.97782976662043,6.38066101921049
1.1412949971991049,1.0,2.9714423747300724,5.973882934649441
8.58417295276869,8.515515815622944,2.79457111275475,7.561197549312052
9.180368503539823,3.4927073277994496,1.4451207640465944,5.643523908868175
1.2418405682018272,9.8715642141549,2.7012403152670537,5.588745388133012
7.147354644607511,4.302275528884099,2.1384201037227855,5.862891167579163
7.445957906937457,4.9782541398528535,1.0572704820542196,1.0
9.850814010801518,4.324657864499465,3.9358018415893787,4.834981522591462
4.816851683499528,5.790896230275452,1.1408212997487848,5.633828244043406
9.453265046353778,6.522449047690844,1.0276256639852461,4.171645778748221
6.474696721159202,7.416884606420123,1.2535859944183727,1.0
3.642197325673653,5.352767505751289,1.0172657947897077,5.241842981888632
5.3628694697713275,6.216611487963351,1.9837897841900278,6.3462349984227755
8.037772333449547,4.5449165454129306,1.1705893342221374,1.0
3.6632056262706674,4.039250698329802,1.4086445885148517,8.254552294431369
4.555378009242116,6.304038997507715,1.713183402336858,1.0
4.41294994965042,4.661412989301378,1.100249980127812,4.460332726583371
8.56327521031409,6.6394204022321395,6.755111590291074,4.525209935993895
4.79106147758679,4.002738882325964,1.1995346085007907,5.103135254744341
1.7116546854606844,4.771469441304808,2.4943344190485224,4.204181305114247
3.101609340817858,3.735085497863766,2.7588153780499245,1.0
8.976360093531536,5.671576629232364,2.2132205066236756,5.10072758790653
7.884449464176097,5.916329297467612,1.9854843186867908,6.162681242037198
6.075493416951299,4.051177522411617,4.660738039940636,4.956391923405566
2.6789369503939913,6.3299518492109215,3.3668685244769674,2.737570810432761
6.8042950581066695,6.102477944003847,1.0273559340593075,6.623725309632567
9.562547845250714,3.3520776394099645,2.322304802449035,7.32192062102593
4.33805974206025,4.3480053840133,2.199138567961694,4.716887117649215
5.078683262141823,1.6295121063077045,3.112813981110704,4.448040936041218
1.5242525379438594,1.0,1.6401018329404766,10.0
4.940013982657069,1.9555911840365878,1.134610303488633,6.618792726052298
6.107881409437177,4.985594970822637,2.0972165302949963,6.2337926453108246
3.322784519895563,4.356164854748788,2.046670546709005,5.055423660652744
9.182592435674046,3.031979759053934,2.165611505385267,10.0
8.128510544494091,5.434642104737849,1.4529665206179525,2.8656858681032373
5.1177815516640015,7.122731000360952,5.504785605762998,4.275905444688378
7.821261230610971,3.531349366496836,1.3480006845311934,2.051710989680476
8.919029281185441,5.304773747242594,1.0387229589784428,5.815642581312794
7.768786485912981,7.709807574464442,1.0881357321645,10.0
8.185580121388977,6.559509398254514,1.155951317291891,4.178290565005991
8.734660830200069,3.924550724758337,1.288023499470147,5.81831615072599
6.117036275199113,1.2568662455737796,2.6901756090476105,10.0
8.917164580482558,2.9517787902190022,2.6305124078932804,9.473787132522865
4.727788875417018,8.070485966080806,1.281518662561416,5.12309257340223
7.1238346037031555,6.225911361698801,5.05664918782317,5.785393562053752
4.5678985657873135,5.528075372026148,1.3245007347192321,5.993726531590191
1.2703396101959634,5.3065122774868705,1.0718234756839893,7.304583362509459
2.1668614620688533,8.785476976555266,3.996407006988181,10.0
8.074727580128839,5.385496232626338,1.7757406412052608,6.1876551714033505
3.494580391562494,6.975134830597281,2.074969582681876,5.569352848950832
6.5069483805521475,7.5517482306567425,1.8221900842577352,8.302915594188757
3.316040313786337,4.352697466520777,1.781664607893195,8.4251160244033
9.328906061394159,5.192709780138118,3.167472873052122,3.5889548070390065
8.298820839588739,6.235503118705206,1.0480591812804545,5.749918178776305
2.072306531386937,6.265313513278615,2.107884927523984,5.145292481275651
5.755654980346285,3.460910561977586,3.3647090916343534,4.683579723135851
2.2493572488463336,5.063823762397639,1.4989639226534626,4.359422805929363
5.806013740989441,6.632334985042631,1.2491793353445066,5.486493047144926
1.5282890480312858,6.937801819265492,6.14705868314491,5.884117688842986
1.1122986149037275,7.257743789574376,1.1061502137259702,5.7606450914849585
8.83729999698164,3.1550849211873593,1.8089090424649292,10.0
2.6036728829811233,4.010136959639995,2.4698179820697046,5.43559703811499
6.222414360391229,7.590865048577985,1.2291952276911908,1.0
3.446773358576726,3.9316786169330236,1.5571513981671767,5.16780947885842
5.356807658714507,6.320784931020281,6.8260804720758435,4.991041126788349
1.5128648324051266,2.1032150409705785,1.2471459440636992,5.862468050730278
9.212771234461693,5.767943722597047,3.596406413514502,5.574805633272549
6.863825401859797,4.755387830398346,2.697079393296879,6.033957606118935
3.951271883784774,6.071062435622069,1.3200116312680326,5.8589651770065885
5.07175621452696,7.240736276951825,2.00336088942635,5.283100585600107
6.442861561265512,5.096129267204756,2.0903085193710327,6.717957660021135
4.132610800517391,5.493012657294003,1.7012310031082047,5.131294408232064
5.293827969726227,8.239905367657915,2.009499887236991,4.482250477655645
9.618751619341218,4.060548772040847,1.2454825951730328,4.762409118544073
4.462331452744837,6.299990303847728,1.565638514728077,5.877420338089037
7.630645417280096,2.3802241454169297,3.176246674026266,1.0
4.330372574167647,6.066850468685594,2.8402506950813313,5.014963600357572
5.334171915508042,3.4304554304161305,2.0820646532743172,4.9713478343836925
8.609210751190467,5.195681772950099,1.5857171311133558,8.712883470846004
4.490891780879252,6.762761985045189,1.5491727416233905,3.9560345025724617
2.430862170515965,6.50372020035916,2.5142819830764997,6.427946289337048
1.7622669611747592,8.54346444523979,2.7787317192375345,4.151365457235599
3.722521685218272,8.736546925041552,2.154370676096176,1.0
2.757011452648426,6.858330264363785,2.4950213392277867,4.582294122665316
5.786827060049884,2.761790835940172,2.943756168237276,5.424797851760881
4.3078786987326705,4.761473436072626,1.8600886076934524,4.261351526797892
8.69700893816735,2.1294283919304084,1.2861680091123306,5.994905278575791
3.3904692720015266,6.2817078549278405,2.1293979597176396,4.6330025631966425
2.9509448757227856,1.932234545508142,1.0206940365683315,2.2336400538690895
5.920365666287371,3.4621814363188346,1.6957968525057534,10.0
1.840854286633944,2.6762895692022375,1.7961255017386366,6.6828091811840755
7.149773493328993,3.356831977448708,2.2076474882981474,1.0
4.981878591234926,4.982034732701565,1.1728795829942211,6.000891834012327
2.2340557914039705,4.904355286809954,4.18889970059478,7.226462818943635
8.128862284827944,5.037015682379804,2.83836462837428,8.482877928734602
1.9887324824272032,4.201609428133389,1.695731072901613,3.9657116810870883
2.190892860537235,8.979006458516235,1.1171369484505902,6.489900722952573
2.2664890858555893,2.188170028601138,1.9104364542562386,5.279577255942256
7.0713756876293195,5.114035906145039,1.264100800206235,5.829608960436738
7.037253200494849,2.4718894820851878,2.321433418149331,2.9512764278656767
4.503813347648768,4.60334045433053,1.410906740700577,5.269517372560702
7.3239439772946975,5.478707925620553,1.4863926266311436,5.480476806558556
5.5280867458774585,4.775647038025779,1.0440290774567638,5.988972925563434
7.277880311338617,7.4863089578016755,3.1841391724175776,7.59164690153022
9.30395928605548,5.361955189583449,1.7966338019991213,4.7460994983876885
9.033650431961116,3.950287053245794,1.6075318960531964,5.505619081790287
7.624553656237646,3.6171150378180865,4.321380562588083,5.506865952108178
2.8514455391369022,6.9572487154316764,1.0073976649693732,5.895713335969691
1.0722037985959942,5.681583449676576,1.2548293891046218,9.05294378539299
8.614689692880134,4.300900135566052,2.8159732114700935,1.0
3.9414428602295337,8.77930634160264,4.090307201906368,5.524108684971415
6.674779193680957,4.764145398958375,1.91363895897231,6.381583705919916
8.344243914300279,5.106704554551465,2.5953230506264062,4.964920623289121
6.403404516156114,7.099737738732452,1.6894637852991878,6.181288575750772
4.060267171162378,6.144105735145879,1.3046595174739266,5.100851212178379
5.974443955757807,2.0587544388483527,1.284600684973996,4.815924732384139
4.076766108045117,6.555749906035774,1.0009515895497343,5.321213240408977
4.262435104368833,5.988679573990457,1.1014855333229288,3.4930702355600376
1.4183165293651951,7.763621880352771,4.829224347102145,5.582003117721777
7.5500486025723506,3.74021470341881,2.248175680567856,4.970660003311632
1.374025163717329,4.080339840157313,1.6101974760675264,6.9151030996540666
4.950307273108676,7.997574894075168,2.65285372114078,5.816072492398779
6.806093892185975,5.800300140596473,1.2125348088219254,10.0
4.384628501580909,7.776474586425162,1.1005484590501882,4.685665204597526
1.807620762276632,3.0973638964207177,2.4879340740293925,5.708885156179242
1.5795303524002335,5.0756366040605885,1.9787762321616937,6.011498776210722
5.29779362290807,5.636679973686358,1.6303974227676057,4.63267799700825
1.5694461439339051,5.013394376729957,1.3340247062518225,5.510938334278859
8.424472502593195,8.63759688159869,1.0951408328315344,6.041361218841195
3.8997596035499282,6.097442859255869,1.2056988112764118,9.812533141334146
1.3730747946609803,6.008267470327011,1.3188567848394523,5.451147669158039
5.981579415824082,3.791216844995869,1.6095658800459196,5.992609112937438
3.1424865989281727,5.254788216192276,1.152184892020221,5.89298237289569
6.713769036387333,5.501211607812914,1.0141561464370021,5.690303324573654
7.283320008269858,4.75357966781761,1.4432903960420131,5.3046999636312515
2.5750499201309456,4.180872739866501,2.389657652324507,8.19284066708724
8.708379717187077,1.7341829979371184,1.3030296160266377,5.045175296651584
1.6626084972669375,4.108009933303816,1.7428632678019,4.725286372751579
4.544124783807476,4.6788624451041825,1.0029324044903078,8.690353707285873
5.305304903074518,4.585876471271017,1.1666515587766477,5.654597755138663
9.565519465141925,6.056132029170064,2.895970256371574,1.0
3.6041293411071837,8.24604202026103,1.8939027382657039,1.0
5.948546429432561,6.978559218879528,1.250805873686359,5.479761737211774
1.5897936471469523,3.091682583851562,1.4845936601531637,7.707591090730098
5.183380202092933,3.236281302225418,1.225765166660707,5.26984469496731
2.886199193947615,1.0,1.2695804403953557,5.795844873814514
3.5577291980954278,6.570160617910293,1.9839372773161141,5.145586011710127
7.693869121361188,7.014730212634501,1.1021461287407288,10.0
5.397940475169419,1.2845912896496596,1.581367851363853,5.322361002676026
9.67513491628258,5.922886787805776,1.0775483195301865,5.148712317995207
6.82319184639916,1.0,1.4893418224240476,5.657350426024837
4.601658702656351,5.814509710074168,1.2169969559746057,8.060407304111017
4.809155153964338,4.547500026055969,1.228940122274699,10.0
5.663644148154189,3.2241353712727174,1.0653660219444463,10.0
9.255161369857145,8.921574069753484,1.9570376173442197,7.143306118544134
8.882211089062148,3.0569719674486713,1.791475367397497,4.832671885960127
4.549294081951478,6.1606493978766865,2.520944459633593,4.932522667569264
1.8559435556763373,5.161383184274854,1.069962862839801,6.358551622505306
7.461161489917745,8.533772526355936,2.814505940878142,5.667025418305748
2.448422419571062,4.216363676314652,1.2140765258042177,2.500778557972507
3.154795799531377,1.9566709128344821,2.3235745199835955,9.51596673783661
3.23607120014514,3.3961085362438026,2.898531016148781,4.594136283474208
2.9815782195878526,5.363918542548259,2.5521982983509304,5.573304449339512
9.865250063770056,5.945004620730461,3.3087218642538376,10.0
7.72249541163141,7.295911485798416,1.6626687805622258,4.529191474122217
4.397258180884456,8.780587706624026,1.299954235709875,6.49452392310579
2.263276872248672,7.799298518841445,4.195069798421011,4.782121934593844
7.733856961290667,2.820523146736671,1.1388295091960265,5.680269660864575
8.673667062991253,9.519261490472916,1.3948345551657064,6.421400913470176
8.152779968141644,8.432928865501374,1.1207542751069282,4.227912826507587
2.2492123711796452,5.794389850074471,1.1754747802214704,5.895038859926778
2.305923566513019,6.832427130774381,1.1300671969890996,6.159173743874357
2.857133871208452,7.124990157879437,1.3935858704710606,3.885889084566629
5.873532748904675,4.810187431282607,1.2229289711439462,5.8215777194431295
6.665386185832456,5.783738671338614,4.397192725134625,10.0
3.8219178761806654,3.7171236652278186,1.330128122270005,7.825626258811965
5.017273682237389,7.012681078948798,2.4390951399918697,5.321176733178108
1.500351600673734,2.4639439284006817,3.718086346736675,4.206885647798642
3.223784004736892,6.8444359795633645,1.894165146013831,5.282974883585078
7.100048921817546,9.90486599463018,1.666950439978053,5.804016661774054
4.692093262388568,8.449436412607518,2.3976782073666825,5.113174939574599
1.317502084444282,4.798349397110271,1.9507572765424968,7.7794556156523536
9.762623848130238,1.799708350267085,1.9813342807399197,10.0
7.230388754394649,9.281806690289303,1.2360382365542044,5.964689998609438
5.637608988966049,3.516679916758162,2.8150969216584203,10.0
9.12318002400585,5.40694224178567,2.0215721956096777,10.0
7.123781944525877,4.860353550330732,1.1657843751213752,3.865201607240821
2.957953177529222,7.737185237712439,2.36684352402185,10.0
2.7719256489120805,5.3206656159795775,1.3835052267284695,5.121079648408304
3.6228174530100823,6.425095006366013,5.273609719434933,4.595622526809292
2.4200309972166587,7.017105513565353,1.2459014148382899,5.044345971063135
4.274487432243104,1.2482311650306457,2.673006819599902,1.0
2.554565960814114,6.73066536347127,1.6331118182303093,5.205412988357465
4.131532020470016,6.508497599533064,1.4211616519931085,6.604720341655408
8.580179524348651,2.8866259186996066,2.3718183187170325,4.619541075187964
8.615003051725381,6.419922747656021,1.2791224025335988,10.0
2.2660419412198345,5.602621529816657,1.5792440312490998,6.060562441310632
5.3730522270510885,4.500039377328117,1.397385982207452,6.852706249972783
6.633148848307044,2.1657898144276473,1.9056040935236611,6.365643802171292
1.3801314261832298,5.095406583554582,2.104513505669666,8.331916387796227
8.10405416250832,7.579175584663924,1.6782421967663779,5.210070643281317
4.271122348901609,7.446566258675625,1.1197868723678663,4.7431131117569505
9.509693586874885,6.971818498189762,1.8399707697326326,3.658488723658696
3.878572054010212,2.7969420464845043,3.349701279159572,5.042113659578299
5.043886295334281,5.324498947805135,1.4423006490684953,5.113507774931464
7.42769366865191,8.115782812226783,2.512509749441021,3.0688800546122943
8.100520862667556,2.288290561951756,1.8443261759284426,4.178942348880954
8.840727005715424,7.673150426630249,1.4953348808622868,5.734511228383452
9.965505001288182,5.312551520328496,3.551238392135978,5.480545971859149
5.247060876112839,2.791909657746837,2.7950378718140243,5.460958398586453
7.044716137238762,5.99459579560754,2.351177248110652,5.979677583026609
9.706945824456906,3.0242521358215853,1.1407084662909466,4.937939278256676
9.156429619797274,7.596055921350896,3.1273447528074856,3.5920932166433195
1.3331918544587231,4.881181757912852,2.3183419869519213,5.443240720370019
4.544836104456007,5.61875275011789,4.5890559679655585,5.196419526965486
6.806258948498976,3.951290179080246,3.707709166440868,6.092752157233483
7.679434198974338,4.576229648245096,2.0507065265899347,6.247688799955958
8.486592159552123,5.2730637579819435,1.3383439504751187,7.500918552443426
2.008757212452174,7.2527842913212694,1.6687165914311137,5.340711633607614
7.541876851099948,4.716248602329526,1.7232794368490092,5.110066655090349
4.1341686785944525,8.107328456104486,1.92184509037267,10.0
5.097406663664302,4.937354332780409,1.1612188087462196,5.605379746442543
5.553442544159845,7.141003588555785,1.7097706192831614,5.700125678904346
7.925626645327126,1.0,1.3552516312213578,2.553659142435823
6.9963949625833814,7.199387102385481,2.3691616020091955,4.802032989959718
1.328534118280129,6.860393891622864,1.6469399316697713,5.123752824271052
4.327700937979078,5.555251838756046,4.871198893895285,2.4089850423319326
6.298948114354163,7.345551842301962,1.1402249531787427,10.0
2.6387836499922113,7.687375221327991,1.0285557101614644,5.322175987530559
7.301124266513412,4.447899807501332,1.099217196474086,4.220014874681864
7.807952610001136,4.664685354589286,5.195122993067691,5.507389370075849
8.183441579932953,3.3699100832071016,1.8120041369167899,6.13853235745735
4.1089248062483,4.144431696443316,5.04584237258808,4.901738365261508
1.3443518092644289,4.564920956898913,1.0644267699194143,6.856008535262635
6.382197828081198,5.569949577268759,1.0725252259737965,5.7257672923547185
3.5945428672665742,7.9019919092608895,1.8846506485426766,8.7909070623232
8.406069772157515,5.282369121627041,1.4460931348221087,8.610609427265004
1.1592281051937061,4.937153341181524,1.8318052719953575,5.680151492695952
5.4302290350543405,8.267555522701608,1.367136744005187,5.046952534361534
8.207531046531557,8.307750736803309,2.098407952003468,5.403318798358264
8.279376722357503,1.2437416345914096,1.5628166279550553,8.027466556848617
5.189083715273894,3.3914073142666927,1.1431097553903695,8.673588638142078
2.0591845343495105,1.8006206423159878,2.092260919572336,10.0
9.624211637877789,4.944486469002825,2.2505140000401482,2.9455186490669454
9.254810198212082,1.9445193552601756,1.2633915882424935,8.895732859469417
6.2600280272785245,6.605237838546806,2.82645987026868,1.0
5.617681632592659,5.191926364829602,4.257507250496753,6.256659807916238
6.101714351743685,3.7198588185551023,1.1137810708203773,7.416676851954985
8.212001352959803,2.8381628047529186,1.0063784935711637,2.0710603821344145
5.934312482347345,4.954974030712438,3.673339808048087,7.514217285252645
7.0424371312090175,7.844443487375474,1.4643534613138498,5.836047928279704
4.413402844548445,3.3755432634157123,1.2844936670452654,7.954137273940772
4.845390956765005,1.0,5.346821274183728,10.0
4.822202716873556,2.7336731369532985,1.8142560949142745,10.0
7.090728056553844,5.710344215307892,1.0801375571312317,1.0
3.607273036351196,5.794113970029164,2.7595263315142686,9.982681805389916
8.314135386167486,6.652049854696765,2.881662919176293,8.105719828604647
1.277155436739315,4.209170428254215,3.9062008986380286,6.950142996345174
4.084613068258677,7.959397603993423,2.2925648720608156,2.7570653013300097
6.685024974400236,2.908625149103807,1.782937032645013,6.097320197747381
4.673942403849311,6.452475746761783,1.1146499956306049,5.279405500452871
5.437484894358086,3.8220583941490567,2.9310858026901707,5.631371219203421
1.2846876730616796,5.994181671395483,1.7903917251046289,10.0
4.584474747163513,5.609110669107693,2.768202669009129,7.511616947275835
3.279639472593294,6.17079362381428,1.6372826732899886,9.521388643960883
3.7489964990486486,5.6082669405436105,1.019250595640002,4.643487453353705
7.51716144223367,5.470020714975514,1.232753930054621,7.734215769431995
4.023703186760263,5.906349760392505,1.4418625505124558,4.973533951032744
4.786409787493705,7.433965128762974,1.0706700336721853,4.268603834205138
4.860954411012563,4.905802282732925,1.1352351499868623,10.0
3.7384371625239305,9.907519246638993,1.5158333754327906,4.248708331574528
9.050676471171077,6.425835487484867,1.1828980312406019,6.031288394228
9.308002575297655,2.465268912432873,3.10941060449762,5.172494629015303
1.2049694864405298,5.549578979446022,2.590220094757659,1.0
6.155376972775097,2.3908905964325857,1.7609207340200883,5.6092421877896275
4.8786567256011555,4.472280204645754,3.237778233950976,5.105422412474155
8.534776647430803,4.562210248861822,1.5419499457559682,10.0
5.3612020694306075,4.4963331329374885,3.559522142386933,3.898385375263886
7.564577221648053,3.0928454865618726,1.0690746269419242,6.57207084756823
9.771121635475488,7.573741890648149,2.486636276793097,1.424048446106779
3.0533586335414715,3.6764069501058776,5.482226639391283,6.0148671803821445
9.872191002260418,5.237927060302121,1.5564637666005423,1.874475749832849
8.935020867287994,10.0,1.3389161045538627,5.173947512170304
9.419777557095964,5.859991105096814,4.19021969994478,5.348157066527388
9.668865466387532,5.308242995199805,1.041591528301918,1.0
1.727177264382633,3.9469167213790204,1.9565535878251628,6.064177727675604
4.352606104165948,6.17178631821547,1.1970494661020896,2.7820565200722394
5.733687535621802,3.1885584572754224,1.5843915387661476,3.869917991873943
8.003331707897456,4.926374512229256,3.221076736964479,6.2655465643645885
8.992560975680433,5.903063691496904,1.1770849449827152,6.569843195765748
2.834348711733862,3.6958867340513724,1.8843082459937488,1.0
2.319762515632539,5.32149827665087,1.310639347956304,6.727304767837494
2.056871163647127,6.373362247620101,3.437307503242788,5.271420912030166
6.256685748359133,5.684160138317671,2.79951756111498,3.1786378763674428
5.614671186971772,3.8338463966740957,2.4014413879980294,5.136064289689504
3.4548800772576937,6.6623274054548265,1.6554010305677886,5.907019505771477
7.8233898849124115,8.80602819804599,1.2634528615072984,5.258790675342192
2.871663984156786,5.496003649266796,1.1827409022827116,6.639843958800622
1.8216740035151686,5.948215831723979,1.2268286783424602,1.1904547163831296
3.33366946728566,4.058051889307761,1.485962863492635,6.492060563151435
5.951810843887856,9.351618776031785,4.062521024748769,6.4223874650023305
7.381017070311347,4.026800635849519,2.004658240705914,5.695151857565275
2.4926996822424825,5.168399174128524,4.804390171914674,6.318765129297172
3.1517453235360526,8.815165623523836,3.405389768782807,10.0
6.731632643886375,6.167062389382167,1.7698761819846238,2.131196967523377
2.093942385791172,6.346135286229419,1.2814412784789666,10.0
4.198107268032283,3.1247063277630582,1.685514503058335,6.353572145652938
1.06001597718556,4.742297524027579,1.1040182747837273,7.771256949666812
9.657992006905404,7.863467575877781,1.4857296623767426,6.0350787772374135
4.315407349603483,6.771812264130365,3.830384022485461,4.618189741478068
9.193302910405464,4.898666029148101,1.0557903835820432,6.226145882809323
4.992560608003962,7.702282701379348,2.0440626760113525,7.500552628430437
5.81527746997655,4.83003718307747,1.0365333183302659,4.731381697080481
2.415782527805779,4.583454640526022,1.3419162859378393,9.142465071558451
6.636325387027138,4.494150148759666,1.1423496113902984,1.0
1.9469948814082496,8.646209822794031,1.054431041178831,5.8554223962355145
2.126200864132932,4.77595471592765,1.772318768549793,1.0
5.858192132749282,6.4518414592377145,3.387300014975236,6.394535556825863
5.360640256116553,6.9581800232830675,1.2549121063280992,5.341904605691746
9.22588419605625,6.23425323076712,1.7529029622569934,3.430447427103207
1.630338015853233,9.887432624848076,1.5718697431120723,4.068301282684958
7.943122759986843,4.440805592572357,1.8257805666216695,7.6726974735251074
8.219022282853999,5.081126979261192,2.238533972943558,5.300125829656153
3.530008886279651,5.841248837393342,1.8273991362905773,7.9049787871599975
1.0818486418306006,3.2535129381146355,1.6164988494974368,1.0
7.5544122154208875,7.184027302676782,1.0082962183072663,8.71442431131982
1.0136682137410928,6.827690881084209,4.4560812431307415,1.0
3.1078290887152074,7.3018954763444555,1.5122941318713865,5.550466181767574
6.603028846074679,4.306149409548661,3.1606998511502717,4.035300117482526
2.7790238828325595,9.049392469652537,2.0926815006958526,4.54861460659201
8.707300483255757,5.424947577221026,2.267731973716292,10.0
1.2296647561674776,7.904645955174651,1.4148187220742539,4.417248860551649
1.6309786634589702,4.3704083868809205,3.4865082559023866,2.5942424500312518
7.9680934809044395,9.169040764631825,1.401242391351496,6.1348949961182395
5.106626374589247,7.933434676711734,1.3398377366678553,6.181578181161353
7.859668879282597,5.075861076032671,2.3367092094846105,4.963344826563611
5.269224778662076,4.38550943853841,1.3730340462067006,3.0022874378569635
6.508197993347308,3.7948701895953647,1.463577988274995,6.724290406469612
9.158172939906214,9.244209098567435,1.0138788212673113,1.0
5.252847476112517,8.302759305890264,2.892242369999579,6.294872816394129
4.016670863135808,4.082582786796857,3.428958486446993,6.244913435202053
2.340784232771947,5.54854154802809,2.3257879110311084,10.0
3.4981375206703884,4.146453861878966,1.6639013589948788,9.348366706857236
4.914856291150391,4.13573971581677,1.804387815164637,6.3219600166489585
2.2249547585609815,5.114715487043094,1.145579782032177,6.210248999500603
2.625611252051128,2.247699139973124,1.248381738407352,6.193182295863536
7.4675107910755845,6.451609021490878,1.9803222956679543,5.3981337317618765
5.921579415518831,2.809134429176122,3.0308855437528988,6.139949449422665
9.011452471633504,6.905973696081515,1.922244058365103,5.220101031307627
6.754265004715348,4.910182678695675,2.3510317830808813,5.901329483484046
2.6234744499440206,4.939884577356476,1.5696371928399704,10.0
8.852519058567298,5.46060137097241,1.2566315686882026,6.220095730443175
2.3456859319402787,5.860252198364648,3.118552675194931,4.001473073757683
4.903901205330747,3.383195914700182,2.4908558394227036,4.545294054726833
5.644840412388459,3.24251667171026,2.472864704158149,5.80781205336721
8.32716289503481,9.585088518425867,1.312115078465317,4.916824099726677
9.69458783523932,6.068048859724279,3.176900255075392,6.521301877639495
1.77623040938286,9.386175833394105,2.0445963030594214,6.28305885773994
3.2663732622864354,7.567269483222912,4.915773696573748,10.0
6.063661974190197,3.263951597403576,1.257052050914412,5.8987535147172645
8.724245911922683,5.043337205384125,2.2228505178496354,5.764891727566011
9.96064478671465,4.448896844098749,1.703149716327493,5.16130786437485
1.9932248265289265,5.697548516752599,2.0831994882977103,4.183761154121877
8.903188981709082,5.1551969916230025,1.3810743637247613,5.259630732841656
7.943510813891497,9.005234123144502,1.792649873422834,4.109043556815631
7.846713212175913,7.182957084009767,1.4550672054175222,10.0
9.42175260748836,6.3602308817156485,4.218645575772487,5.8394483211764365
6.057716176123138,6.097574154936424,2.0629354970302134,5.43250280892499
6.26611919623915,6.255028046009412,4.500305835812611,1.0
1.3375970730604858,4.78030342914347,2.867051164080692,10.0
6.424618942456464,6.904332499128593,2.213223388570974,6.903301492030661
8.251067493246627,2.0454353325472403,1.7229753285045146,5.1030909555844195
9.311397737191536,5.7662872904920635,1.0716227690949534,4.963302718180401
8.998845473783415,6.269830721800935,1.582890198055238,7.57949540898824
3.80644912993269,4.5997829317427374,1.4405993348090858,5.75753583591377
9.3516030888594,2.555709719037754,1.031314657097544,5.039113827253345
3.7865303651802926,4.722909630367343,2.91165113975266,6.896745216152358
8.987664624717187,3.1904729858897904,1.428408258880848,1.0
9.157927415163302,6.0447114864815825,1.559453468819295,10.0
3.7142724378083773,5.853439334305178,1.5744547482223394,6.573964873506938
4.285956019131357,5.393290097176976,1.2472124904239987,7.031777477174446
4.864676011044947,6.744332394606263,4.611942054532438,6.56959771295822
4.315243590292633,5.233021094755533,2.1473683088363025,3.3229031249439163
5.624546380157447,4.48797452889575,1.3506930427369452,6.985034482395162
8.261852509441432,7.292767287566013,2.2857303302241347,3.5446447834814787
7.831535619323012,3.724674313841853,3.396836648610962,4.14981575870592
9.784595226431533,4.6909534246209015,1.859092878499111,6.29631573153098
6.931665053530055,6.0915347503393615,1.2978758902461285,5.149451134335598
3.8598577534099308,5.922393477112877,1.0821756761808972,2.6157332561711155
7.567255650071062,4.908079435978118,1.0902892248728107,5.257514886791787
5.1712918894665005,6.674855851292866,1.373262060916376,1.0
1.9625149344323685,9.355133117712501,1.0116849767673273,4.914024203216692
5.6465552635446326,5.381579358657949,4.480859700547365,6.452493683244072
6.108054032821893,6.082837471848205,2.617140238509391,4.3709364863490485
7.8803137438994835,4.1980811052689075,1.3778389553367592,2.456294946725746
5.304642456508887,3.6226960624312015,1.5224288415683547,6.400988128683219
8.120280272465045,4.446950347135597,1.8793030069063534,6.373580609184347
7.477600006352255,4.383491508688336,3.8822641432028893,5.076350393831378
4.493360092751491,1.995859828870032,1.4106113421209658,3.439671005170127
1.4612829114283676,5.950074298267862,1.7765614530373068,10.0
6.530528394032976,5.522406507414377,1.3426315420909671,6.11210246349603
2.1407220710013446,2.894959330156181,1.9984081518603016,5.840653210886563
6.515265842198801,1.0,1.0924156682364274,4.699502903460825
7.961941444587381,5.224306862067323,2.366920329483552,5.571689359445924
8.981900664648855,4.241581686593376,1.1135114815167468,4.629951704041933
1.3347487486979168,5.101142978317287,1.0529515844007629,2.294347805494318
1.760256660114922,5.032766723854689,1.3668522579312707,4.495274204888415
8.646592636137443,4.422961319873639,3.595340141757147,6.530270053067856
1.6554795805972131,8.272622172273582,2.2804733075394292,1.0
4.474070203139312,9.052769127838593,2.901514616275983,6.257973758383798
5.952813165307232,6.954548173861829,1.8421596819283588,5.093729019128852
2.5066511828625,4.201231164319114,2.0051286992600197,4.293837675105365
4.9444389837633995,5.701247465586307,2.04644393820485,5.642292393899676
4.731797098015345,2.817118762359452,3.251526561100582,4.656077331439035
7.843005071357495,3.562274674069978,4.097134465130834,9.70863901217751
4.819161588542979,4.7853677421609975,1.5162938695669754,5.19546816676435
4.667500110505069,4.159455372547301,1.8776775596808233,5.8094737423271265
5.41405520915963,4.402150816693095,1.081799427949348,6.021520438204532
6.868087620909394,5.238761289321419,2.322046987608023,5.336706171352079
6.017260751761089,5.272344560787572,1.960289191131026,5.911346049008313
6.721880604981907,5.6911191253158275,1.3389657722226238,5.350526143564313
4.496129868128899,5.591115607060111,2.0873741554289107,5.5833661123814755
3.26627378998707,6.922317832709099,1.559707855225402,7.220740344563255
7.7890178285557115,3.198260244871377,2.0073948822525995,6.158969717818896
8.596389284600239,6.127770209452407,1.5726530379495598,10.0
1.3495458818204364,6.374448197546884,2.605991375547171,5.194158807065274
2.930437512898748,5.413046523631071,1.1538448307559281,9.101963062044158
2.6058559653688578,6.97944364866037,1.7945751077859478,2.030519737898895
9.659129298764324,3.7299139604854825,1.6325013751750554,4.990596660650822
2.047444883353309,6.317479140059763,2.339221655343895,6.566679528707564
1.9847766300116754,5.260682130174086,1.7722430994056655,8.12484502684176
2.1729867478572693,3.1289111597769925,2.310921384418299,6.6387160122023605
9.257406991891092,4.761521063996856,2.0023924675914344,5.883850998746317
8.455901136181284,8.552366667442495,2.0930589529016945,10.0
3.4609341458323675,6.47663123359307,1.5214829144259017,10.0
7.186626438497075,6.203834252385704,1.40758317328175,6.960682591525231
3.827706498040954,9.25278878158462,1.8480603535422202,4.8730466354338215
3.355931107953028,7.273698610329643,1.1789943121605275,1.0
3.526196660785445,5.466291278067047,2.3913564413241017,4.8543271402307395
4.468498649085794,5.351509079658598,1.0127824841512663,7.1406482233760915
4.78474950596187,3.262864957445026,1.0915556486889557,4.713506866865993
4.698208131290895,4.03351191286855,3.8773572205289226,3.7335554454955338
1.412648309750689,6.906801015090062,1.7767506836356974,5.4435557579681
8.412270965958605,4.544514776429987,1.2563547937393302,6.009215305015026
8.903454079013835,4.573587036122534,2.4013281555391592,4.806821699301371
8.037084925656313,2.041537150463663,2.4343335962336643,6.0480059194208655
8.877946736804297,2.2681616233905784,1.6490855466759702,4.686744548893898
2.88122484463326,4.008771192689908,1.1314655840489642,5.727411361520703
3.5847835781565838,3.340406879493134,2.3798461612310158,5.557221539993044
9.734574669601775,3.0768030912367443,1.8149004628838155,5.378758772043879
9.344832565548092,5.250524767262096,1.0319657810703453,9.102814281489426
5.244249073476872,3.205882618645887,1.7081527487689354,5.960651571041133
4.9968036680037855,5.700081780228121,2.784654192309672,5.275993913608761
3.46431175187635,4.263914043508783,1.3343652387492968,6.23356606477669
9.433846189952375,4.2288734040876035,3.0196664986980486,7.736979154897053
7.094466825341433,1.0,1.5088312177452452,3.254361006255345
2.6175819705382253,6.430062624912217,1.7588777335816839,5.49744134446726
2.2805990761708053,7.177928724909176,1.2263906320585845,2.9480413138849273
4.329312759128853,5.564482802956044,1.0457743079325512,4.562654504983302
6.390306469593552,3.123451892226423,1.9934255487780315,4.191022357600395
5.604878074221965,3.9387301605542344,3.366861459860567,1.0
4.2746075364148695,8.658859080243118,2.051292180070398,6.03811045640437
1.5947454259431182,7.100918414584855,1.1162244466807385,6.112113139585551
8.137329424337107,2.0948550594498605,1.1094854965150043,4.390275508567344
8.26623665085674,4.113836834978905,1.5816769761047615,5.049328593333024
6.4250780514595345,8.58710798539138,1.8122929990052503,6.112574915660656
8.758474353365557,1.0,2.918525868596269,5.385900248849227
1.9275546146701135,3.8479209959985496,1.504483941613202,5.040633281828379
4.510750525220257,8.511820121052905,1.2052188138801196,5.965322726614527
4.336918163394149,5.781662763752805,2.7196781901062606,4.885813305237644
2.9506955758064692,5.927111129201552,2.222805116777133,4.970229758126083
8.743563475381514,6.231086501324688,1.4822296370964183,4.132665592678292
8.05613281432976,7.176689231504528,1.9932084195799415,4.808432184706165
8.303288069435148,8.411339874363325,1.3813988220492948,6.554385693973639
9.797531275114231,5.794094356691956,2.7979419816357645,6.683235821732759
9.938340410119254,3.32503505973659,1.1090208860171356,4.700159426244927
8.682014565809075,4.77111492137926,1.4613611099569912,5.58216302253688
7.597984906825917,4.206425746574214,1.5510513756078024,5.333289709826372
7.719670524707878,4.155083785548888,1.1954934432078974,5.4648924227193865
5.297193493368396,4.791473738690977,1.627416528989468,5.9844973847635705
1.4511820569198837,7.3106886774095585,1.842357069448016,4.4654277451173625
8.45762756248106,5.96415273643544,1.3406693022010683,2.9483192648842076
7.362972130169707,7.772199645173055,1.5054038131638376,7.8255327482606125
6.0516574410202075,7.851711024201325,3.4085567120286164,10.0
3.5656223425615012,3.594953963770374,3.50264980910196,3.9929979711846575
8.019606088692253,3.1118175337083063,1.3619301633622565,5.783573192715918
8.51329113237032,5.110211551846385,1.4131926423153425,6.1264603742217565
7.4629828291036775,1.259761701437668,2.884347972512368,7.462982226791876
8.384437057361735,5.254323966642816,1.8649392904220494,5.722063928578916
6.9425391633482985,6.794212208407261,1.1849583660012415,6.160472992820873
7.938079593278377,8.182804673092035,2.4381123205345974,5.370952154232906
9.5092396874312,4.887227740174822,1.1259609624040445,1.4945948786893615
3.3376949226739705,8.725575596427324,1.2343068500971168,6.681172207349874
1.7909985496418266,8.159529597952881,1.0860877013758135,3.8036507404421664
7.49110251811887,5.431786312897499,1.854349660698019,5.209696045870506
7.933194468460936,4.992277700373451,1.7429067385238572,6.289997493130976
5.811157424040139,7.829853420202737,2.5175589441078188,5.34397856120279
6.999358712304131,2.1898371710121154,1.103872431262563,4.573431659074516
3.668819951865814,2.951796578072462,1.3500715192323374,5.017617101134966
5.627834764078327,4.7072804225942075,3.490009819407941,7.424970594466471
9.997728456605573,5.610060894807326,1.2743440283083478,6.925713883351795
4.442165065179835,6.435624144356913,3.104724949046671,8.649793462364844
4.37668616323114,5.0239039583826415,1.1015671728138163,1.0
9.186412338814772,5.490751296100167,1.088250311533952,6.487545947657452
5.9943820593501105,5.844739692138978,2.0915000434045794,5.696262215642296
4.303973264331173,1.7720121663994184,1.6077435472508053,5.747556607647306
3.395855337075292,6.212509277989512,1.6250702669605446,5.157991500102542
1.4985405239441487,6.700472255823656,1.2725835639264482,9.482569449758188
9.025904446080322,8.8382693098389,2.0839294245808535,1.0
2.45702316531135,6.568275093358314,2.1374889930319934,6.559599971591675
2.369927260115924,9.377574371398325,1.7954886474554148,1.0
8.018634685362512,6.902022331531096,1.2478344509837371,4.708595844802167
1.1607375078816493,4.647974735482787,1.762076813934922,6.697996626911076
7.3178369414814535,2.460149577529866,1.595209486570563,5.0073447503953545
6.60581811832036,5.416879984757169,3.359746762967465,5.613590185596594
6.962503767177351,5.630808968956049,1.033301479288404,5.388892171854602
3.8891860732626164,7.659812281059971,2.7950449638437886,8.6985062488606
4.213907110727217,5.484049935080188,1.9601780434931682,4.964623204514061
9.987505992183033,4.759272348981554,1.3291809857977208,4.912146246770489
1.4707063323679062,5.177584109306339,2.895021204983495,5.414910438174709
3.7002651992246607,3.220360955045475,1.0069372662042502,5.930558539708462
9.991095039300752,3.3012404881136033,1.1998394503009617,4.257762561290695
5.532137388690842,7.363732708974627,1.5084838113795116,5.1720710363311575
3.1527252825353873,8.934223298986119,1.2982571577173105,4.2688072381370965
7.238386539135161,2.4252215291773,1.0537317966942132,5.246616448785321
2.5803776910572758,3.2826278125453907,2.866934538287545,9.52729804325571
3.6092791072538675,5.064583511164242,1.0843868082417054,10.0
2.4344216536327377,3.161395077973136,1.3067252032989183,5.4518964023599885
4.712176833325364,5.806464714481227,2.129622954787274,2.4950383407194994
6.1258948005502525,3.91406204603578,1.071744122847227,4.685445685020743
7.723486006531557,5.771714992680746,1.800677360772125,4.668014807889751
2.9919855972253466,6.316945429674479,3.089233968371988,1.7275370492293582
7.8444861766714995,5.772240609090322,1.6041218723839914,5.792829640597364
7.753975189830056,1.537249477601983,1.950723370086024,6.713314787355933
2.5982349327396794,5.182165753572295,1.0390189020746978,5.4042710838200065
4.421976569580645,2.7171330847077337,1.3709179462440084,4.503509123346754
7.22607112353736,3.695165031425656,1.3361099014428515,4.361590809417656
3.9492661070746258,4.3409493320244525,1.007531355944435,1.0
4.597783960025268,6.614756418287771,1.3117954902567115,6.381802777944418
2.8435704660391106,6.0923785628339395,1.684554208923975,5.50530912448129
8.582924898293975,5.255821205922339,2.067729155488917,4.880491246608658
6.334864671136956,8.32371793119427,3.3720810213531975,4.7651196146812635
5.9960726794372485,6.685643606851127,4.180161244627668,5.3852745438066245
7.021254591495707,6.247537571014069,1.6461804745032895,4.507088783535113
8.902644903713256,7.242485717620774,1.3742260838345366,5.746551528127949
6.535192317439821,2.1558736548754287,3.116247200627626,5.349082159223377
8.984433609531099,6.4267296174606106,1.1691260772589964,3.8149246049010532
2.3989663751457235,2.5738179145481395,1.5435541766041725,6.037102118299985
2.5844995882749684,5.870981476372923,1.186868670428161,4.824631942108642
3.799415033783663,6.533371639577783,1.7499048500859513,6.954229372606524
5.965183473255722,8.080639964646593,1.0392878728212842,6.036607439357964
4.711756708449473,4.994088293866869,4.045408603007983,6.111438578750565
5.998451062116301,6.305237328059431,3.2944473205505287,4.497839332357987
4.812231099277119,2.480390601061761,4.122137131536421,3.0499690368198915
6.759352045186851,4.523649091191023,1.3734779357061537,5.5627623551486165
7.650247637554363,7.5027193449157,3.017442011947263,3.888675574156938
8.631694526811145,7.7847753264103865,2.9944889338618874,1.0
6.160997014151249,7.969159567890464,5.737858087678139,1.0
3.319708693153646,4.121540924386296,1.9205972269196963,7.3392379394595615
3.0523220210570767,7.128407847322245,1.183918594182999,6.426853387557992
7.925500915112236,2.480102254122237,1.4628055291158355,6.9756587162557215
9.146052104057699,7.923664678958087,1.2360401283065925,5.416432846531412
9.733550717488459,10.0,1.469686692219348,6.7294377735203
3.1747457157151935,6.849336944907343,1.082913160156376,8.14929227376054
2.2727125190506046,5.1988998913781295,1.3435353071345082,6.096671708444007
7.11216376225868,9.828089799768016,3.31501934769224,10.0
7.759304008526442,6.631081315434416,1.6734288701414521,6.45445334178602
9.683032748349277,4.760173599998808,2.742021063238143,4.930251192452177
2.3322396341086096,5.79252654335965,1.088763916825758,6.484501121771843
5.7922944536893,5.419634343108088,1.2548667925314327,9.232268477245432
8.062646339500347,8.14979802607283,1.0797637491308107,9.930880200408751
1.331966425294508,4.2136191298851635,2.6288883699013432,4.753129770968719
6.219247881119868,6.243245285153561,2.923993760445571,5.9840407060261205
4.618498105978168,7.041995610385511,1.3148171480317212,7.768101381131988
8.93508557914183,5.766225875419047,1.0726450909611684,6.539239390717411
3.02665392735208,3.375950647331284,1.4776193958569401,6.0912094060332596
3.3057284568102143,5.467631903403297,1.1257313488687848,7.738103862783158
3.6846918741563193,3.080251358891179,2.6958194019462214,5.255786629828748
9.891014608007653,6.428669993753726,1.3717436579464783,6.962512565914198
6.66217157421239,5.730331184598322,1.1428554327865492,5.39837767404516
2.333365311930277,6.360959504985087,2.0655057854549286,4.700269545906771
7.258849866781279,1.8834087759593388,1.0834810734888858,5.734099528227492
8.207946584120354,7.826210302409305,1.9824895560616302,5.2047407333496345
6.0263410505748976,6.248157040621579,2.3737458475123763,5.388005865330305
1.2668290698020528,5.5701198133609635,1.5951591542941133,5.632110156437816
1.1494768487947813,4.853577557731262,2.0271958950504096,5.019738781621876
6.363040756668198,1.0,1.1244173334633158,6.133134210198633
2.693231432148073,3.3470679913014822,1.086339311540103,1.0
7.725177376904634,3.464393183491004,5.391965636838859,5.663412268641329
7.813753855751398,5.8552921449921005,1.0156810686136146,1.877959362650007
6.447889965702142,8.339981420842882,3.5937127638654323,4.108137199874743
5.187022343068678,4.684591777877953,1.4146069456948664,7.179455462018064
7.144146579885687,6.451529933974621,5.353068032905241,1.0
4.405558467945928,3.96246299153857,1.0843773911390013,5.472175115292905
9.679839009392667,7.614351472401383,1.3102832557836317,7.909454297042277
5.642888957861683,5.9095501607486955,2.9206308722152294,6.018573717071087
2.324247260114416,3.188679594904762,3.6855413935248658,8.148240042946785
2.232597598578492,5.0147770545030985,1.9934973667783955,6.491652010607691
1.7684816211436587,7.60385270723158,1.4682670546457994,5.717010367449711
8.896787307895298,3.857575502957779,1.0338780318851741,5.032233646549036
4.683283796444105,5.348843627959492,1.0216134746324195,5.119805277935416
3.425904463970058,3.4992494512013645,2.842581961019533,3.968113743033649
5.848474148275711,4.437654804211303,2.6258650957238405,6.178486717470233
5.979543379141358,3.794763175396698,1.5967870467695484,5.358454545736279
4.317948396707609,1.6779406422172491,1.3010929772306197,6.275613504851458
5.960070758532773,2.343567969778739,2.764065626009006,10.0
4.864020872834583,4.655583737579841,4.255449549168777,10.0
7.165591686954723,10.0,2.6329725829040607,4.144301446037749
4.9007701738041325,1.418021917379792,1.6616026019763068,2.575536427373613
9.24337755103939,6.241304863264534,1.0511716439367884,4.688892369886362
6.750421701744646,5.2449842419030555,1.8385115858188832,7.355237676443561
5.85342111256856,7.371061347726107,1.2509757708465443,6.1418711631481395
6.76590922760518,1.1788105420162065,1.9093667624165511,6.238105558144925
3.8804614042365824,2.2586712832558673,1.5289171943348376,5.531574563719273
2.0935372480999628,2.608873575541569,2.0932329552032014,1.0
7.839669596231732,5.113875477933853,2.3626471431790783,1.0
8.349974599511363,6.203265882447518,1.2083811251897263,6.186655119739035
3.264495295885559,8.345083684748833,1.356679209050271,10.0
8.93515685791672,4.881849830318162,1.171876537131469,5.258029640050358
9.030074583672297,6.8636985851824965,1.1056764445090144,3.095238449221542
2.3502377717908765,6.8570357224439284,1.285540972904816,5.740144882770947
3.661049122030319,4.090641096827102,1.5721442244932038,5.928559830772234
7.889091550881176,4.516722485768671,1.7699896069375851,4.74142777120957
6.795276205970242,6.558849467607674,1.2397571176563684,5.674050894190316
7.149405748724249,3.967086873278977,2.1308456379923957,4.712045264684617
5.177762801062967,6.669666044587138,2.0632232871384595,5.635385286879862
2.60088743786111,6.56368054632689,1.4915484027595234,4.234573711829514
7.264311386616202,3.426680824020506,1.8606795264064457,5.568350194482795
6.674093759687633,5.796093378612493,1.182869632597371,10.0
3.3261949584997375,7.314076736707979,1.5389584608432707,2.3046442754692644
2.927531541455656,7.458917020923751,1.314014965159482,10.0
7.0293179753058155,3.3467057608992414,3.2063923535580776,7.024261350636527
6.985162153553045,5.662802420404689,4.812517148105341,5.940308889732413
6.496471003055033,6.94298979108096,2.700232391600757,7.028663149722032
5.547953564397271,4.917708249178549,5.383310217205566,3.893159190570516
9.040446270035668,3.9633819773348913,3.0574112034917458,5.054660178733281
6.8835590159488245,5.138794039453562,1.097045005060796,5.147156484739166
3.850232928358296,8.103135115090609,7.638823046681951,5.3090043565914895
3.872350976547864,8.218546334627078,2.581164749507815,7.499227323855342
5.069588686217268,5.711067457907463,1.5704583098025706,6.70054784345895
3.6470336969295327,5.123967876169445,2.297149201069795,5.447111838627426
4.039431550940918,3.725366533460553,3.4962487379300233,5.523698424986981
7.77426206857181,7.44968919539716,1.1964374744620567,4.756221339773431
8.155331020126027,5.9032323962002655,1.7621058099637033,5.695559212380228
7.84428974927263,5.4409153037196,2.5771198725815,8.738812674590106
7.678561911808038,6.243503137927271,1.0948590128749836,5.3992958726286
2.0584022577744028,4.384294989681601,1.0443451898703269,5.819176374081397
6.277080160616897,8.989086422156953,1.30978515384007,6.3668047156812015
3.6786289844244897,2.1333350413946515,2.1871182783212832,4.7115389455948025
7.219093612340217,4.076834007051863,1.5211759673556846,6.191490366986529
2.8927711231524857,7.982478546321127,1.283436375249006,7.480580500817602
5.264002638086751,1.0,1.0150317666519892,5.614566410418855
8.100966034263676,9.515431347813646,3.114593390491006,4.492934123237577
1.4396632047752638,2.051778035038534,1.0306977635856232,3.913379989494074
2.756914954128899,3.0352907263796376,3.296302886046115,1.0
